model,trigger_name,epoch,average_loss,accuracy,correct_data,total_data
0,0_trigger,,21,nan,0.0,0,9950
20,20_trigger,,21,nan,0.0,0,9950
74,74_trigger,,21,nan,0.0,0,9950
95,95_trigger,,21,nan,0.0,0,9950
global,combine,,21,nan,0.0,0,9950
global,global_in_0_trigger,,21,nan,0.0,0,9950
global,global_in_20_trigger,,21,nan,0.0,0,9950
global,global_in_74_trigger,,21,nan,0.0,0,9950
global,global_in_95_trigger,,21,nan,0.0,0,9950
0,0_trigger,,22,nan,0.0,0,9950
20,20_trigger,,22,nan,0.0,0,9950
74,74_trigger,,22,nan,0.0,0,9950
95,95_trigger,,22,nan,0.0,0,9950
global,combine,,22,nan,0.0,0,9950
global,global_in_0_trigger,,22,nan,0.0,0,9950
global,global_in_20_trigger,,22,nan,0.0,0,9950
global,global_in_74_trigger,,22,nan,0.0,0,9950
global,global_in_95_trigger,,22,nan,0.0,0,9950
0,0_trigger,,23,nan,0.0,0,9950
20,20_trigger,,23,nan,0.0,0,9950
74,74_trigger,,23,nan,0.0,0,9950
95,95_trigger,,23,nan,0.0,0,9950
global,combine,,23,nan,0.0,0,9950
global,global_in_0_trigger,,23,nan,0.0,0,9950
global,global_in_20_trigger,,23,nan,0.0,0,9950
global,global_in_74_trigger,,23,nan,0.0,0,9950
global,global_in_95_trigger,,23,nan,0.0,0,9950
0,0_trigger,,24,nan,0.0,0,9950
20,20_trigger,,24,nan,0.0,0,9950
74,74_trigger,,24,nan,0.0,0,9950
95,95_trigger,,24,nan,0.0,0,9950
global,combine,,24,nan,0.0,0,9950
global,global_in_0_trigger,,24,nan,0.0,0,9950
global,global_in_20_trigger,,24,nan,0.0,0,9950
global,global_in_74_trigger,,24,nan,0.0,0,9950
global,global_in_95_trigger,,24,nan,0.0,0,9950
0,0_trigger,,25,nan,0.0,0,9950
20,20_trigger,,25,nan,0.0,0,9950
74,74_trigger,,25,nan,0.0,0,9950
95,95_trigger,,25,nan,0.0,0,9950
global,combine,,25,nan,0.0,0,9950
global,global_in_0_trigger,,25,nan,0.0,0,9950
global,global_in_20_trigger,,25,nan,0.0,0,9950
global,global_in_74_trigger,,25,nan,0.0,0,9950
global,global_in_95_trigger,,25,nan,0.0,0,9950
0,0_trigger,,26,nan,0.0,0,9950
20,20_trigger,,26,nan,0.0,0,9950
74,74_trigger,,26,nan,0.0,0,9950
95,95_trigger,,26,nan,0.0,0,9950
global,combine,,26,nan,0.0,0,9950
global,global_in_0_trigger,,26,nan,0.0,0,9950
global,global_in_20_trigger,,26,nan,0.0,0,9950
global,global_in_74_trigger,,26,nan,0.0,0,9950
global,global_in_95_trigger,,26,nan,0.0,0,9950
0,0_trigger,,27,nan,0.0,0,9950
20,20_trigger,,27,nan,0.0,0,9950
74,74_trigger,,27,nan,0.0,0,9950
95,95_trigger,,27,nan,0.0,0,9950
global,combine,,27,nan,0.0,0,9950
global,global_in_0_trigger,,27,nan,0.0,0,9950
global,global_in_20_trigger,,27,nan,0.0,0,9950
global,global_in_74_trigger,,27,nan,0.0,0,9950
global,global_in_95_trigger,,27,nan,0.0,0,9950
0,0_trigger,,28,nan,0.0,0,9950
20,20_trigger,,28,nan,0.0,0,9950
74,74_trigger,,28,nan,0.0,0,9950
95,95_trigger,,28,nan,0.0,0,9950
global,combine,,28,nan,0.0,0,9950
global,global_in_0_trigger,,28,nan,0.0,0,9950
global,global_in_20_trigger,,28,nan,0.0,0,9950
global,global_in_74_trigger,,28,nan,0.0,0,9950
global,global_in_95_trigger,,28,nan,0.0,0,9950
0,0_trigger,,29,nan,0.0,0,9950
20,20_trigger,,29,nan,0.0,0,9950
74,74_trigger,,29,nan,0.0,0,9950
95,95_trigger,,29,nan,0.0,0,9950
global,combine,,29,nan,0.0,0,9950
global,global_in_0_trigger,,29,nan,0.0,0,9950
global,global_in_20_trigger,,29,nan,0.0,0,9950
global,global_in_74_trigger,,29,nan,0.0,0,9950
global,global_in_95_trigger,,29,nan,0.0,0,9950
0,0_trigger,,30,nan,0.0,0,9950
20,20_trigger,,30,nan,0.0,0,9950
74,74_trigger,,30,nan,0.0,0,9950
95,95_trigger,,30,nan,0.0,0,9950
global,combine,,30,nan,0.0,0,9950
global,global_in_0_trigger,,30,nan,0.0,0,9950
global,global_in_20_trigger,,30,nan,0.0,0,9950
global,global_in_74_trigger,,30,nan,0.0,0,9950
global,global_in_95_trigger,,30,nan,0.0,0,9950
0,0_trigger,,31,nan,0.0,0,9950
20,20_trigger,,31,nan,0.0,0,9950
74,74_trigger,,31,nan,0.0,0,9950
95,95_trigger,,31,nan,0.0,0,9950
global,combine,,31,nan,0.0,0,9950
global,global_in_0_trigger,,31,nan,0.0,0,9950
global,global_in_20_trigger,,31,nan,0.0,0,9950
global,global_in_74_trigger,,31,nan,0.0,0,9950
global,global_in_95_trigger,,31,nan,0.0,0,9950
0,0_trigger,,32,nan,0.0,0,9950
20,20_trigger,,32,nan,0.0,0,9950
74,74_trigger,,32,nan,0.0,0,9950
95,95_trigger,,32,nan,0.0,0,9950
global,combine,,32,nan,0.0,0,9950
global,global_in_0_trigger,,32,nan,0.0,0,9950
global,global_in_20_trigger,,32,nan,0.0,0,9950
global,global_in_74_trigger,,32,nan,0.0,0,9950
global,global_in_95_trigger,,32,nan,0.0,0,9950
0,0_trigger,,33,nan,0.0,0,9950
20,20_trigger,,33,nan,0.0,0,9950
74,74_trigger,,33,nan,0.0,0,9950
95,95_trigger,,33,nan,0.0,0,9950
global,combine,,33,nan,0.0,0,9950
global,global_in_0_trigger,,33,nan,0.0,0,9950
global,global_in_20_trigger,,33,nan,0.0,0,9950
global,global_in_74_trigger,,33,nan,0.0,0,9950
global,global_in_95_trigger,,33,nan,0.0,0,9950
0,0_trigger,,34,nan,0.0,0,9950
20,20_trigger,,34,nan,0.0,0,9950
74,74_trigger,,34,nan,0.0,0,9950
95,95_trigger,,34,nan,0.0,0,9950
global,combine,,34,nan,0.0,0,9950
global,global_in_0_trigger,,34,nan,0.0,0,9950
global,global_in_20_trigger,,34,nan,0.0,0,9950
global,global_in_74_trigger,,34,nan,0.0,0,9950
global,global_in_95_trigger,,34,nan,0.0,0,9950
0,0_trigger,,35,nan,0.0,0,9950
20,20_trigger,,35,nan,0.0,0,9950
74,74_trigger,,35,nan,0.0,0,9950
95,95_trigger,,35,nan,0.0,0,9950
global,combine,,35,nan,0.0,0,9950
global,global_in_0_trigger,,35,nan,0.0,0,9950
global,global_in_20_trigger,,35,nan,0.0,0,9950
global,global_in_74_trigger,,35,nan,0.0,0,9950
global,global_in_95_trigger,,35,nan,0.0,0,9950
0,0_trigger,,36,nan,0.0,0,9950
20,20_trigger,,36,nan,0.0,0,9950
74,74_trigger,,36,nan,0.0,0,9950
95,95_trigger,,36,nan,0.0,0,9950
global,combine,,36,nan,0.0,0,9950
global,global_in_0_trigger,,36,nan,0.0,0,9950
global,global_in_20_trigger,,36,nan,0.0,0,9950
global,global_in_74_trigger,,36,nan,0.0,0,9950
global,global_in_95_trigger,,36,nan,0.0,0,9950
0,0_trigger,,37,nan,0.0,0,9950
20,20_trigger,,37,nan,0.0,0,9950
74,74_trigger,,37,nan,0.0,0,9950
95,95_trigger,,37,nan,0.0,0,9950
global,combine,,37,nan,0.0,0,9950
global,global_in_0_trigger,,37,nan,0.0,0,9950
global,global_in_20_trigger,,37,nan,0.0,0,9950
global,global_in_74_trigger,,37,nan,0.0,0,9950
global,global_in_95_trigger,,37,nan,0.0,0,9950
0,0_trigger,,38,nan,0.0,0,9950
20,20_trigger,,38,nan,0.0,0,9950
74,74_trigger,,38,nan,0.0,0,9950
95,95_trigger,,38,nan,0.0,0,9950
global,combine,,38,nan,0.0,0,9950
global,global_in_0_trigger,,38,nan,0.0,0,9950
global,global_in_20_trigger,,38,nan,0.0,0,9950
global,global_in_74_trigger,,38,nan,0.0,0,9950
global,global_in_95_trigger,,38,nan,0.0,0,9950
