local_model,round,epoch,internal_epoch,average_loss,accuracy,correct_data,total_data
23,11,11,1,0.0007879724144004285,98.63481228668942,289,293
76,11,11,1,0.0034893970005214214,97.43589743589743,76,78
63,11,11,1,0.001794705050997436,96.8503937007874,861,889
11,11,11,1,0.0018124246271327138,97.36434108527132,628,645
75,11,11,1,0.0013300039572641253,97.52186588921283,669,686
43,11,11,1,0.0011628804495558143,97.30392156862744,397,408
46,11,11,1,0.0016356667038053274,96.90140845070422,688,710
37,11,11,1,0.0015181819908320904,96.97674418604652,834,860
21,11,11,1,0.0013454857980832458,96.7948717948718,302,312
35,11,11,1,0.0006804037257097661,98.79759519038076,493,499
41,111,12,1,0.022151688113808632,63.366336633663366,384,606
41,112,12,2,0.01757012866437435,56.930693069306926,345,606
41,113,12,3,0.012558662332594395,68.97689768976898,418,606
41,114,12,4,0.012529268860816956,65.18151815181518,395,606
41,115,12,5,0.011866995133459568,66.17161716171617,401,606
41,116,12,6,0.011468276381492615,66.83168316831683,405,606
41,117,12,7,0.011177229695022106,68.97689768976898,418,606
41,118,12,8,0.010755021125078201,68.31683168316832,414,606
41,119,12,9,0.010909137316048145,68.97689768976898,418,606
41,120,12,10,0.010784240439534187,68.8118811881188,417,606
11,12,12,1,0.0015329236630350351,97.36434108527132,628,645
61,12,12,1,0.0015379817923530936,97.13876967095851,679,699
64,12,12,1,0.0016650266479700804,96.8019680196802,787,813
28,12,12,1,0.0015797250671312213,97.60479041916167,489,501
67,12,12,1,0.0014807393308728933,97.39478957915831,972,998
22,12,12,1,0.001646578311920166,96.91252144082333,565,583
82,12,12,1,0.0015242344234138727,97.19495091164096,693,713
60,12,12,1,0.001809999579563737,97.0414201183432,328,338
42,12,12,1,0.0010551637969911098,97.88135593220339,231,236
85,13,13,1,0.000836188264656812,98.14385150812065,423,431
56,13,13,1,0.001275836257264018,97.8409090909091,861,880
57,13,13,1,0.0019859089516103268,95.6268221574344,328,343
63,13,13,1,0.0019749498460441828,96.40044994375702,857,889
77,13,13,1,0.0014460936654359102,97.28353140916808,573,589
18,13,13,1,0.00230974517762661,96.29629629629629,442,459
43,13,13,1,0.0015249309362843633,95.83333333333334,391,408
91,13,13,1,0.0006551051046699286,98.4375,252,256
42,13,13,1,0.0010743099264800549,97.88135593220339,231,236
52,13,13,1,0.0012168224202468991,97.23320158102767,246,253
73,131,14,1,0.02705586701631546,56.17597292724196,332,591
73,132,14,2,0.02459840103983879,39.08629441624365,231,591
73,133,14,3,0.01784394681453705,34.34856175972927,203,591
73,134,14,4,0.0167158842086792,50.25380710659898,297,591
73,135,14,5,0.015035497024655342,60.74450084602368,359,591
73,136,14,6,0.014557885006070137,60.40609137055838,357,591
73,137,14,7,0.014018960297107697,58.03722504230119,343,591
73,138,14,8,0.014023380354046822,58.544839255499156,346,591
73,139,14,9,0.014091509394347668,59.390862944162436,351,591
73,140,14,10,0.013612721115350723,62.944162436548226,372,591
28,14,14,1,0.001417926512658596,97.2055888223553,487,501
37,14,14,1,0.0014050350291654468,97.32558139534883,837,860
96,14,14,1,0.0014976637903600931,97.91666666666666,658,672
99,14,14,1,0.0008539155824109912,98.6737400530504,372,377
80,14,14,1,0.0009094802080653608,98.60788863109049,425,431
13,14,14,1,0.0009444771567359567,98.09264305177112,720,734
98,14,14,1,0.0015676168259233236,97.55501222493888,798,818
78,14,14,1,0.0010285030584782362,97.35973597359737,295,303
46,14,14,1,0.0023915183264762163,96.47887323943662,685,710
45,15,15,1,0.0015195769956335425,97.45222929936305,612,628
62,15,15,1,0.0008213730761781335,98.58156028368793,417,423
50,15,15,1,0.0020586533937603235,95.9915611814346,455,474
67,15,15,1,0.0018074417021125555,97.1943887775551,970,998
14,15,15,1,0.0015289733419194818,97.07446808510637,365,376
36,15,15,1,0.0012225318932905793,97.91044776119404,984,1005
24,15,15,1,0.0018840990960597992,96.04221635883906,364,379
7,15,15,1,0.0011406696867197752,97.84688995215312,409,418
4,15,15,1,0.0018780925311148167,96.96048632218846,638,658
80,15,15,1,0.0010410567047074437,98.37587006960557,424,431
51,151,16,1,0.02309386245906353,58.098591549295776,330,568
51,152,16,2,0.013164235278964043,62.852112676056336,357,568
51,153,16,3,0.011731983162462711,64.43661971830986,366,568
51,154,16,4,0.011188430711627007,66.72535211267606,379,568
51,155,16,5,0.01078180130571127,67.6056338028169,384,568
51,156,16,6,0.010611183010041714,70.24647887323944,399,568
51,157,16,7,0.009975300170481205,70.24647887323944,399,568
51,158,16,8,0.010336700826883316,68.48591549295774,389,568
51,159,16,9,0.009834148921072483,68.83802816901408,391,568
51,160,16,10,0.010022557340562344,67.6056338028169,384,568
39,16,16,1,0.0012254654429852962,98.0544747081712,252,257
26,16,16,1,0.0018100893357768655,97.83393501805054,542,554
29,16,16,1,0.0014002547832205892,97.50499001996008,977,1002
4,16,16,1,0.001340157468803227,97.56838905775076,642,658
42,16,16,1,0.0010397740406915545,97.88135593220339,231,236
69,16,16,1,0.0017214837716892362,96.875,248,256
95,16,16,1,0.0005921930423937738,98.83720930232558,595,602
80,16,16,1,0.001265917089767754,98.83990719257541,426,431
8,16,16,1,0.0019586775451898575,96.6824644549763,612,633
25,17,17,1,0.0017099149990826845,95.82689335394127,620,647
68,17,17,1,0.0010032255668193102,98.17813765182186,485,494
70,17,17,1,0.002287414390593767,95.02762430939227,688,724
61,17,17,1,0.0014699948951601982,97.85407725321889,684,699
64,17,17,1,0.0019003871129825711,96.06396063960639,781,813
31,17,17,1,0.0010570865124464035,97.60479041916167,815,835
10,17,17,1,0.0014580818824470043,97.30941704035875,868,892
23,17,17,1,0.0010206929873675108,98.63481228668942,289,293
7,17,17,1,0.0013203489361330867,98.08612440191388,410,418
74,17,17,1,0.0015041163424029946,97.66606822262118,544,557
74,171,18,1,0.027320625260472298,52.6032315978456,293,557
74,172,18,2,0.01472257636487484,59.78456014362658,333,557
74,173,18,3,0.009938020259141922,80.07181328545781,446,557
74,174,18,4,0.007928972132503986,84.02154398563735,468,557
74,175,18,5,0.006654516793787479,86.89407540394973,484,557
74,176,18,6,0.005641276482492685,88.50987432675045,493,557
74,177,18,7,0.004758710507303476,90.48473967684022,504,557
74,178,18,8,0.004082113038748503,92.28007181328546,514,557
74,179,18,9,0.0038597765378654003,92.28007181328546,514,557
74,180,18,10,0.004085242748260498,91.92100538599641,512,557
46,18,18,1,0.0023504875134676695,97.04225352112677,689,710
65,18,18,1,0.0010726131731644273,97.57412398921834,362,371
57,18,18,1,0.003473603166639805,95.91836734693877,329,343
83,18,18,1,0.001657071989029646,97.45958429561202,422,433
9,18,18,1,0.0009818046819418669,97.24770642201835,424,436
64,18,18,1,0.0017372694564983249,97.04797047970479,789,813
58,18,18,1,0.0020656920969486237,97.10144927536231,268,276
41,18,18,1,0.0014687321381643414,97.52475247524752,591,606
12,18,18,1,0.00170921313110739,97.24137931034483,1128,1160
83,19,19,1,0.0013086050748825073,98.61431870669746,427,433
96,19,19,1,0.0016236576484516263,97.47023809523809,655,672
90,19,19,1,0.002300052670761943,96.19326500732065,657,683
28,19,19,1,0.0013519313652068377,97.40518962075848,488,501
65,19,19,1,0.0009857907425612211,98.38274932614556,365,371
33,19,19,1,0.0017059394158422947,96.78972712680579,603,623
75,19,19,1,0.002142398850992322,95.48104956268222,655,686
13,19,19,1,0.0014697141014039516,97.13896457765668,713,734
32,19,19,1,0.0017481002723798156,96.72466734902764,945,977
80,19,19,1,0.0012965213973075151,98.14385150812065,423,431
73,20,20,1,0.0019117960473522544,96.78510998307954,572,591
23,20,20,1,0.0008816201006993651,98.63481228668942,289,293
25,20,20,1,0.0020884245168417692,95.05409582689336,615,647
12,20,20,1,0.001523648388683796,97.1551724137931,1127,1160
58,20,20,1,0.0032527802977710962,95.28985507246377,263,276
19,20,20,1,0.0012741239042952657,96.09756097560975,197,205
11,20,20,1,0.0012950809905305505,97.36434108527132,628,645
13,20,20,1,0.0011427967110648751,97.68392370572208,717,734
82,20,20,1,0.0015243414090946317,97.19495091164096,693,713
50,20,20,1,0.0022913040593266487,95.78059071729957,454,474
34,21,21,1,0.0006446979241445661,98.30508474576271,406,413
14,21,21,1,0.001549217849969864,97.6063829787234,367,376
74,21,21,1,0.0017786225071176887,96.76840215439856,539,557
55,21,21,1,0.0016002948395907879,97.74011299435028,346,354
58,21,21,1,0.0021233749575912952,97.10144927536231,268,276
53,21,21,1,0.0012362818233668804,97.83491204330176,723,739
36,21,21,1,0.0015224869130179286,96.61691542288557,971,1005
6,21,21,1,0.0014883283292874694,96.91056910569105,596,615
47,21,21,1,0.001217080163769424,97.29381443298969,755,776
92,21,21,1,0.001310210907831788,97.11846318036285,910,937
37,22,22,1,0.001661208225414157,96.86046511627907,833,860
43,22,22,1,0.0016754147363826632,96.07843137254902,392,408
17,22,22,1,0.001698447740636766,96.93548387096774,601,620
2,22,22,1,0.001228646608069539,98.54014598540147,540,548
66,22,22,1,0.0011762193171307445,98.03030303030303,647,660
6,22,22,1,0.0014473630581051111,96.58536585365853,594,615
38,22,22,1,0.0015144950011745095,97.09497206703911,869,895
45,22,22,1,0.0015369632747024298,97.77070063694268,614,628
81,22,22,1,0.00119126052595675,97.3920130399348,1195,1227
4,22,22,1,0.0016092367004603148,97.41641337386018,641,658
24,23,23,1,0.001687397132627666,95.51451187335093,362,379
38,23,23,1,0.0013540382497012615,97.54189944134079,873,895
54,23,23,1,0.0016211892943829298,96.53179190751445,501,519
10,23,23,1,0.0014796797186136246,97.30941704035875,868,892
11,23,23,1,0.0013734422391280532,97.20930232558139,627,645
80,23,23,1,0.0008466439321637154,98.60788863109049,425,431
73,23,23,1,0.0013851827243342996,97.80033840947546,578,591
7,23,23,1,0.0012218609917908907,97.60765550239235,408,418
72,23,23,1,0.0006309263408184052,98.63201094391245,721,731
14,23,23,1,0.0014803915983065963,97.87234042553192,368,376
99,24,24,1,0.0009557745070196688,98.93899204244032,373,377
73,24,24,1,0.0015847116010263562,97.96954314720813,579,591
12,24,24,1,0.0017154925735667348,97.06896551724138,1126,1160
93,24,24,1,0.00047627498861402273,98.87640449438202,616,623
25,24,24,1,0.001233151531778276,97.68160741885626,632,647
34,24,24,1,0.0005944368313066661,99.0314769975787,409,413
57,24,24,1,0.002921700244769454,94.16909620991254,323,343
69,24,24,1,0.0018139878520742059,96.484375,247,256
58,24,24,1,0.0014856200432404876,97.82608695652173,270,276
2,24,24,1,0.001201261067762971,98.90510948905109,542,548
4,25,25,1,0.001305340207181871,97.87234042553192,644,658
1,25,25,1,0.0020108064636588097,95.92105263157895,729,760
20,25,25,1,0.0021613198332488537,96.5034965034965,414,429
49,25,25,1,0.000882467778865248,97.62845849802372,494,506
57,25,25,1,0.0016187650617212057,96.7930029154519,332,343
51,25,25,1,0.0009400155977346003,98.06338028169014,557,568
27,25,25,1,0.0018766113789752126,95.75371549893843,451,471
43,25,25,1,0.0012061704182997346,96.81372549019608,395,408
0,25,25,1,0.0015295635676011443,96.55172413793103,420,435
45,25,25,1,0.0015826144954189658,97.45222929936305,612,628
25,26,26,1,0.0014199459692463279,97.06336939721793,628,647
8,26,26,1,0.0021897845435887575,96.05055292259084,608,633
12,26,26,1,0.0014363416703417897,97.41379310344827,1130,1160
74,26,26,1,0.0019104243256151676,97.30700179533214,542,557
55,26,26,1,0.0017410998698323965,97.17514124293785,344,354
26,26,26,1,0.0014604630414396524,96.57039711191335,535,554
62,26,26,1,0.0009368528262712061,98.10874704491725,415,423
65,26,26,1,0.001082848641090095,97.57412398921834,362,371
54,26,26,1,0.0014300075126811862,97.10982658959537,504,519
94,26,26,1,0.002147200983017683,97.33333333333334,146,150
68,27,27,1,0.0013590012677013874,97.97570850202429,484,494
33,27,27,1,0.0019120661308988929,95.98715890850723,598,623
58,27,27,1,0.0018695766339078546,97.46376811594203,269,276
73,27,27,1,0.0010522172087803483,98.13874788494078,580,591
10,27,27,1,0.00162096309941262,97.19730941704036,867,892
13,27,27,1,0.0011967950267717242,98.09264305177112,720,734
81,27,27,1,0.0006958373123779893,98.45150774246129,1208,1227
37,27,27,1,0.001280517317354679,98.0232558139535,843,860
94,27,27,1,0.0021085862535983324,96.66666666666667,145,150
61,27,27,1,0.0014776670141145587,97.42489270386267,681,699
57,28,28,1,0.0017694581765681505,95.91836734693877,329,343
60,28,28,1,0.0023998988326638937,96.7455621301775,327,338
92,28,28,1,0.0015924011822789907,96.69156883671292,906,937
23,28,28,1,0.0007102027884684503,98.97610921501706,290,293
39,28,28,1,0.0012440012069419026,98.0544747081712,252,257
79,28,28,1,0.0017298837192356586,95.6043956043956,174,182
86,28,28,1,0.0012828415492549539,97.2,243,250
63,28,28,1,0.0020915416534990072,95.83802024746907,852,889
99,28,28,1,0.0008932443452067673,98.93899204244032,373,377
97,28,28,1,0.0009823237778618932,98.15195071868584,478,487
37,29,29,1,0.0013572765747085214,97.44186046511628,838,860
44,29,29,1,0.0017426492413505912,96.90522243713733,501,517
52,29,29,1,0.0016686136368662119,96.04743083003953,243,253
88,29,29,1,0.0010123777901753783,98.11320754716981,520,530
25,29,29,1,0.0018957436550408602,97.06336939721793,628,647
28,29,29,1,0.0014235047856345773,97.60479041916167,489,501
8,29,29,1,0.002100281184539199,96.2085308056872,609,633
16,29,29,1,0.0012809504987671971,97.37704918032787,891,915
6,29,29,1,0.0011099481489509344,97.39837398373984,599,615
3,29,29,1,0.00131733319722116,97.72481040086673,902,923
23,30,30,1,0.0006586055969819427,98.97610921501706,290,293
44,30,30,1,0.0022094498854130507,96.5183752417795,499,517
27,30,30,1,0.0013611181639134884,96.60297239915074,455,471
86,30,30,1,0.0012585058575496078,98.0,245,250
37,30,30,1,0.001566938473843038,97.09302325581395,835,860
35,30,30,1,0.0005469706957228482,98.59719438877755,492,499
29,30,30,1,0.001036006142385304,98.10379241516966,983,1002
48,30,30,1,0.0007652780623175204,97.76785714285714,438,448
11,30,30,1,0.0013823717599734664,97.05426356589147,626,645
43,30,30,1,0.0016566572012379766,97.54901960784314,398,408
33,31,31,1,0.0020029519218951464,96.46869983948636,601,623
12,31,31,1,0.0020977549720555544,96.89655172413794,1124,1160
97,31,31,1,0.0008431511814706028,98.35728952772074,479,487
15,31,31,1,0.0010663141729310155,97.75561097256858,392,401
42,31,31,1,0.001014046953059733,97.88135593220339,231,236
73,31,31,1,0.0013407357037067413,98.13874788494078,580,591
20,31,31,1,0.0013583991676568985,97.66899766899768,419,429
90,31,31,1,0.002252105623483658,96.77891654465594,661,683
56,31,31,1,0.001692474470473826,96.93181818181819,853,880
54,31,31,1,0.0014482899568974972,97.30250481695568,505,519
24,32,32,1,0.0019761910662055016,96.30606860158312,365,379
38,32,32,1,0.001818098477087915,96.87150837988827,867,895
43,32,32,1,0.0009613530710339546,98.2843137254902,401,408
32,32,32,1,0.001834831084124744,97.44114636642784,952,977
62,32,32,1,0.0008709626854397357,98.3451536643026,416,423
8,32,32,1,0.001798776094801724,96.52448657187995,611,633
35,32,32,1,0.0005734715959988534,98.99799599198397,494,499
96,32,32,1,0.001520394580438733,97.32142857142857,654,672
27,32,32,1,0.0014613866806030273,96.39065817409767,454,471
41,32,32,1,0.0014106937451288104,96.53465346534654,585,606
58,33,33,1,0.0018244842067360878,97.82608695652173,270,276
86,33,33,1,0.0012037130072712898,97.6,244,250
89,33,33,1,0.0007510636933147907,98.57723577235772,485,492
17,33,33,1,0.0014031329192221165,97.58064516129032,605,620
80,33,33,1,0.0008431795868091285,98.60788863109049,425,431
63,33,33,1,0.0018331061583012342,96.73790776152981,860,889
26,33,33,1,0.0015069051878526807,96.75090252707581,536,554
90,33,33,1,0.001957370201125741,96.92532942898976,662,683
93,33,33,1,0.0004797654983121902,99.03691813804173,617,623
79,33,33,1,0.0017928235465660691,95.6043956043956,174,182
36,34,34,1,0.001378456363454461,97.81094527363184,983,1005
67,34,34,1,0.0015641801292076707,97.1943887775551,970,998
41,34,34,1,0.0013235611841082573,97.6897689768977,592,606
87,34,34,1,0.0012665364192798734,97.23404255319149,457,470
65,34,34,1,0.0010047550313174725,97.57412398921834,362,371
30,34,34,1,0.0015857124235481024,97.0,388,400
98,34,34,1,0.002011092845350504,95.59902200488997,782,818
25,34,34,1,0.0012895390391349792,97.21792890262752,629,647
54,34,34,1,0.001490227528847754,97.495183044316,506,519
52,34,34,1,0.0011794157326221466,97.62845849802372,247,253
46,35,35,1,0.0017803757218644023,96.61971830985917,686,710
6,35,35,1,0.0014653264079242945,96.91056910569105,596,615
35,35,35,1,0.0006203585071489215,98.79759519038076,493,499
17,35,35,1,0.0015513062244281173,97.41935483870968,604,620
20,35,35,1,0.0018991363467648625,96.73659673659674,415,429
77,35,35,1,0.0019033000571653247,96.26485568760611,567,589
44,35,35,1,0.0018813983770087361,96.71179883945842,500,517
8,35,35,1,0.002293985104188323,96.05055292259084,608,633
78,35,35,1,0.0010021071648225188,96.69966996699671,293,303
3,35,35,1,0.0014414318138733506,97.72481040086673,902,923
39,36,36,1,0.0012442937586456537,98.0544747081712,252,257
14,36,36,1,0.0014209776418283582,97.87234042553192,368,376
32,36,36,1,0.002057070843875408,96.21289662231321,940,977
4,36,36,1,0.0012985479552298784,97.87234042553192,644,658
30,36,36,1,0.0015505452174693346,97.25,389,400
65,36,36,1,0.0008816673653200269,98.11320754716981,364,371
23,36,36,1,0.0007772610406391323,98.63481228668942,289,293
3,36,36,1,0.0012795620132237673,97.50812567713976,900,923
98,36,36,1,0.0015288913855329156,97.06601466992664,794,818
88,36,36,1,0.0008661446627229452,98.11320754716981,520,530
71,37,37,1,0.0006847095210105181,98.55491329479769,1364,1384
2,37,37,1,0.001224629464559257,98.35766423357664,539,548
43,37,37,1,0.0012789778411388397,97.54901960784314,398,408
25,37,37,1,0.0014819204807281494,96.75425038639877,626,647
17,37,37,1,0.0015609493711963296,97.25806451612902,603,620
37,37,37,1,0.0012255980400368571,97.79069767441861,841,860
46,37,37,1,0.0018770871683955193,96.05633802816902,682,710
56,37,37,1,0.0013496234314516187,97.8409090909091,861,880
30,37,37,1,0.0013489571865648031,97.25,389,400
0,37,37,1,0.0017593939555808902,96.7816091954023,421,435
33,38,38,1,0.0016680362168699503,96.62921348314607,602,623
53,38,38,1,0.0010239736875519156,98.24086603518268,726,739
17,38,38,1,0.0014760616468265653,96.61290322580646,599,620
65,38,38,1,0.0008691332186572254,98.38274932614556,365,371
6,38,38,1,0.001089487923309207,97.5609756097561,600,615
24,38,38,1,0.0016129463911056519,96.56992084432717,366,379
86,38,38,1,0.0013520580250769854,98.0,245,250
35,38,38,1,0.0005191414384171367,98.79759519038076,493,499
84,38,38,1,0.001670017489232123,96.95024077046548,1208,1246
85,38,38,1,0.0009925424819812179,97.6798143851508,421,431
60,39,39,1,0.001879650168120861,97.0414201183432,328,338
94,39,39,1,0.0017522573471069336,97.33333333333334,146,150
30,39,39,1,0.0013870837865397334,96.75,387,400
76,39,39,1,0.0014110993361100554,97.43589743589743,76,78
42,39,39,1,0.0011454656487330794,97.88135593220339,231,236
25,39,39,1,0.00118821335490793,97.06336939721793,628,647
16,39,39,1,0.0013201285619288683,97.92349726775956,896,915
95,39,39,1,0.00046484533231705427,98.67109634551495,594,602
52,39,39,1,0.0010841256007552147,97.23320158102767,246,253
59,39,39,1,0.0014220263110473752,97.23684210526315,739,760
52,40,40,1,0.0010581330861896276,98.02371541501977,248,253
81,40,40,1,0.0010994704207405448,98.12550937245314,1204,1227
77,40,40,1,0.0017597521655261517,96.60441426146011,569,589
21,40,40,1,0.0011771626304835081,98.07692307692307,306,312
10,40,40,1,0.0015109572559595108,96.74887892376681,863,892
8,40,40,1,0.0018732866737991571,96.52448657187995,611,633
40,40,40,1,0.0019148718565702438,98.57512953367875,761,772
54,40,40,1,0.0015527084469795227,96.72447013487476,502,519
46,40,40,1,0.0020025535486638546,95.91549295774648,681,710
30,40,40,1,0.0014863780234009027,97.25,389,400
78,41,41,1,0.0011507088784128428,97.6897689768977,296,303
9,41,41,1,0.0008681928738951683,97.93577981651376,427,436
74,41,41,1,0.0018867963226512074,96.76840215439856,539,557
89,41,41,1,0.0007337277638725936,98.3739837398374,484,492
4,41,41,1,0.000997720519080758,98.17629179331307,646,658
11,41,41,1,0.0014913392951712012,97.20930232558139,627,645
24,41,41,1,0.001782391918823123,96.04221635883906,364,379
43,41,41,1,0.001467428752221167,97.05882352941177,396,408
23,41,41,1,0.0007171796751208603,98.97610921501706,290,293
25,41,41,1,0.0012120225001126528,97.68160741885626,632,647
97,42,42,1,0.0009215761674568057,97.94661190965093,477,487
91,42,42,1,0.0009025097242556512,98.046875,251,256
57,42,42,1,0.0023659411817789078,95.91836734693877,329,343
72,42,42,1,0.0005007294239476323,99.17920656634746,725,731
15,42,42,1,0.001381525071337819,97.75561097256858,392,401
94,42,42,1,0.0018642847426235676,97.33333333333334,146,150
95,42,42,1,0.0008585971663706005,98.50498338870432,593,602
90,42,42,1,0.0016157864592969418,97.2181551976574,664,683
69,42,42,1,0.0016574806068092585,97.265625,249,256
20,42,42,1,0.0012704733526334167,97.66899766899768,419,429
81,43,43,1,0.001149944495409727,97.79951100244499,1200,1227
59,43,43,1,0.0016575453337281942,96.57894736842105,734,760
21,43,43,1,0.0011823504464700818,97.75641025641025,305,312
69,43,43,1,0.0015723829856142402,96.875,248,256
14,43,43,1,0.0011533837532624602,98.13829787234043,369,376
73,43,43,1,0.001075234031304717,97.80033840947546,578,591
28,43,43,1,0.0012960818130522966,97.80439121756487,490,501
22,43,43,1,0.0013062243815511465,96.91252144082333,565,583
72,43,43,1,0.0007279365672729909,98.22161422708618,718,731
97,43,43,1,0.0009131246479228139,98.15195071868584,478,487
37,44,44,1,0.0009470439981669188,97.90697674418605,842,860
50,44,44,1,0.0018634162843227386,96.41350210970464,457,474
42,44,44,1,0.0009315048228017986,97.88135593220339,231,236
52,44,44,1,0.0009803976863622665,98.02371541501977,248,253
75,44,44,1,0.0010099188657477498,97.95918367346938,672,686
62,44,44,1,0.0007976731867529452,98.81796690307328,418,423
43,44,44,1,0.0016767773777246475,97.54901960784314,398,408
87,44,44,1,0.0013416343135759234,97.23404255319149,457,470
26,44,44,1,0.001197261386550963,97.83393501805054,542,554
49,44,44,1,0.0010487196268513799,98.02371541501977,496,506
52,45,45,1,0.0013398778392001987,97.62845849802372,247,253
36,45,45,1,0.0013761797454208136,97.41293532338308,979,1005
55,45,45,1,0.0017450591549277306,96.89265536723164,343,354
83,45,45,1,0.00141470180824399,97.6905311778291,423,433
33,45,45,1,0.0016801301389932632,96.14767255216692,599,623
25,45,45,1,0.0012760283425450325,97.3724884080371,630,647
15,45,45,1,0.0009701278177089989,97.75561097256858,392,401
1,45,45,1,0.0017059167148545384,96.1842105263158,731,760
67,45,45,1,0.0015665910905227065,97.49498997995993,973,998
51,45,45,1,0.0010475832968950272,97.53521126760563,554,568
86,46,46,1,0.0012351444456726313,97.2,243,250
4,46,46,1,0.0010884541552513838,97.56838905775076,642,658
83,46,46,1,0.001144159585237503,98.38337182448036,426,433
32,46,46,1,0.0021980826277285814,95.49641760491299,933,977
48,46,46,1,0.0008839653455652297,97.99107142857143,439,448
45,46,46,1,0.001652211183682084,96.97452229299363,609,628
93,46,46,1,0.00046722826664336026,99.03691813804173,617,623
49,46,46,1,0.000770526472479105,97.82608695652173,495,506
72,46,46,1,0.0005592583911493421,98.7688098495212,722,731
81,46,46,1,0.0009610011475160718,98.2885085574572,1206,1227
27,47,47,1,0.0019619790837168694,96.81528662420382,456,471
30,47,47,1,0.0016214163042604923,97.0,388,400
33,47,47,1,0.0016589765436947346,96.62921348314607,602,623
42,47,47,1,0.000961851910687983,98.30508474576271,232,236
5,47,47,1,0.0016854590503498912,96.7741935483871,420,434
54,47,47,1,0.001733391429297626,96.72447013487476,502,519
88,47,47,1,0.0008705080836080015,98.30188679245283,521,530
44,47,47,1,0.001884371042251587,97.48549323017409,504,517
64,47,47,1,0.0017214297549799085,97.04797047970479,789,813
18,47,47,1,0.0018449433846399188,95.86056644880175,440,459
39,48,48,1,0.0012147349771112204,98.0544747081712,252,257
29,48,48,1,0.0010149191366508603,97.80439121756487,980,1002
91,48,48,1,0.0007656398229300976,98.046875,251,256
82,48,48,1,0.0017846692353487015,96.63394109396914,689,713
55,48,48,1,0.0018031103536486626,98.0225988700565,347,354
87,48,48,1,0.0009999772300943732,97.87234042553192,460,470
19,48,48,1,0.0013120535295456648,96.58536585365853,198,205
46,48,48,1,0.0017407764680683613,97.1830985915493,690,710
54,48,48,1,0.0014264483470469713,97.30250481695568,505,519
17,48,48,1,0.00141574302688241,97.74193548387096,606,620
3,49,49,1,0.0011592747177928686,97.72481040086673,902,923
34,49,49,1,0.0005518992547877133,99.0314769975787,409,413
32,49,49,1,0.0019645793363451958,96.11054247697032,939,977
5,49,49,1,0.0014749793335795403,97.6958525345622,424,434
77,49,49,1,0.0020536284428089857,97.45331069609507,574,589
14,49,49,1,0.0013746165204793215,97.87234042553192,368,376
40,49,49,1,0.0014596728142350912,96.76165803108809,747,772
92,49,49,1,0.0014109486946836114,97.54535752401281,914,937
76,49,49,1,0.004214678891003132,97.43589743589743,76,78
13,49,49,1,0.0012145387008786201,96.86648501362399,711,734
12,50,50,1,0.0015547431539744139,97.67241379310346,1133,1160
23,50,50,1,0.0007927340338937938,98.63481228668942,289,293
91,50,50,1,0.0006548101082444191,98.046875,251,256
51,50,50,1,0.0008607207564637065,98.41549295774648,559,568
53,50,50,1,0.0009827257599681616,98.51150202976996,728,739
87,50,50,1,0.0009740808163769543,97.87234042553192,460,470
54,50,50,1,0.002112494083121419,97.30250481695568,505,519
94,50,50,1,0.00165627954993397,97.33333333333334,146,150
75,50,50,1,0.0009813520591706038,98.39650145772595,675,686
11,50,50,1,0.002447895472869277,97.51937984496124,629,645
53,51,51,1,0.0010653828503564,97.9702300405954,724,739
28,51,51,1,0.0013696129899471998,97.60479041916167,489,501
20,51,51,1,0.0013067368417978287,97.43589743589743,418,429
99,51,51,1,0.0008295077132061124,98.93899204244032,373,377
87,51,51,1,0.0012783600250259042,97.23404255319149,457,470
18,51,51,1,0.002051300136372447,96.94989106753813,445,459
57,51,51,1,0.001650925842113793,96.20991253644316,330,343
43,51,51,1,0.0009633367299102247,97.05882352941177,396,408
29,51,51,1,0.0009684083051979542,97.90419161676647,981,1002
47,51,51,1,0.0011025239946320653,98.19587628865979,762,776
91,52,52,1,0.0005876862560398877,99.21875,254,256
77,52,52,1,0.0016430141404271126,97.11375212224108,572,589
93,52,52,1,0.00043771517812274396,99.19743178170144,618,623
49,52,52,1,0.001372645259834826,96.83794466403161,490,506
85,52,52,1,0.0005178509745746851,98.83990719257541,426,431
10,52,52,1,0.0013599562225863338,96.97309417040358,865,892
96,52,52,1,0.0013874996220692992,98.36309523809523,661,672
64,52,52,1,0.001495054573751986,97.41697416974169,792,813
26,52,52,1,0.0011526519665494561,97.65342960288808,541,554
29,52,52,1,0.0011881622485816479,97.70459081836327,979,1002
38,53,53,1,0.0014448091387748718,96.98324022346368,868,895
82,53,53,1,0.00168869667686522,97.19495091164096,693,713
26,53,53,1,0.001364486408419907,96.93140794223827,537,554
18,53,53,1,0.0017912882613018155,96.51416122004358,443,459
76,53,53,1,0.002537243999540806,97.43589743589743,76,78
79,53,53,1,0.0017087135929614305,95.6043956043956,174,182
97,53,53,1,0.0009268341236747801,97.94661190965093,477,487
39,53,53,1,0.0011119537521153688,98.0544747081712,252,257
45,53,53,1,0.0013164459960535169,97.61146496815286,613,628
94,53,53,1,0.00251200539059937,98.0,147,150
31,54,54,1,0.0009005249012261629,98.20359281437125,820,835
1,54,54,1,0.0017509732861071825,96.84210526315789,736,760
38,54,54,1,0.0013318413402885199,96.75977653631284,866,895
9,54,54,1,0.0009522950276732445,98.1651376146789,428,436
6,54,54,1,0.0013365347404032946,96.7479674796748,595,615
19,54,54,1,0.0015354566276073456,97.07317073170731,199,205
67,54,54,1,0.0013851128751412034,96.8937875751503,967,998
68,54,54,1,0.0010818016016855836,98.17813765182186,485,494
77,54,54,1,0.002469375031068921,96.9439728353141,571,589
15,54,54,1,0.001032614498399198,97.75561097256858,392,401
55,55,55,1,0.0015390784246847034,98.0225988700565,347,354
79,55,55,1,0.0016783479368314147,95.6043956043956,174,182
1,55,55,1,0.0015640961937606335,96.97368421052632,737,760
37,55,55,1,0.0017067184671759605,96.86046511627907,833,860
98,55,55,1,0.0014719817554578185,96.69926650366747,791,818
53,55,55,1,0.0011264818022027612,98.37618403247632,727,739
29,55,55,1,0.0010366475908085704,98.00399201596807,982,1002
39,55,55,1,0.0011324305087327957,98.44357976653697,253,257
62,55,55,1,0.0008394777541980147,98.58156028368793,417,423
5,55,55,1,0.0016691024648025632,97.23502304147466,422,434
79,56,56,1,0.0017363340593874454,95.6043956043956,174,182
82,56,56,1,0.001707748626358807,96.4936886395512,688,713
14,56,56,1,0.0013254459481686354,98.13829787234043,369,376
39,56,56,1,0.001134437625296414,98.0544747081712,252,257
7,56,56,1,0.0013460373738780618,97.36842105263158,407,418
10,56,56,1,0.003448870498687029,93.27354260089686,832,892
40,56,56,1,0.0009777426021173596,97.53886010362694,753,772
2,56,56,1,0.0017367573454976082,98.72262773722628,541,548
70,56,56,1,0.001939684385433793,95.71823204419888,693,724
56,56,56,1,0.0011922173434868455,98.29545454545455,865,880
98,57,57,1,0.0016275355592370033,96.21026894865525,787,818
49,57,57,1,0.0010905719827860594,97.82608695652173,495,506
86,57,57,1,0.001285731908865273,98.0,245,250
25,57,57,1,0.001572226407006383,97.21792890262752,629,647
26,57,57,1,0.0013494690647348762,97.29241877256317,539,554
16,57,57,1,0.0011561526916921139,97.92349726775956,896,915
7,57,57,1,0.0009964433265849948,98.08612440191388,410,418
94,57,57,1,0.0031622792594134808,96.66666666666667,145,150
70,57,57,1,0.002359576988965273,96.40883977900553,698,724
44,57,57,1,0.001756342127919197,97.09864603481626,502,517
78,58,58,1,0.000981382210738957,97.6897689768977,296,303
27,58,58,1,0.0013786903582513332,97.87685774946921,461,471
79,58,58,1,0.0017206014599651098,95.6043956043956,174,182
19,58,58,1,0.0015415415400639176,95.60975609756098,196,205
60,58,58,1,0.0017688930965960026,97.33727810650888,329,338
87,58,58,1,0.001422170433215797,98.29787234042553,462,470
95,58,58,1,0.0006338018574751914,98.50498338870432,593,602
41,58,58,1,0.0013151804450899363,97.35973597359737,590,606
17,58,58,1,0.0013601187383756042,97.74193548387096,606,620
59,58,58,1,0.0014473472256213427,97.63157894736842,742,760
81,59,59,1,0.0009144729701802135,98.20700896495518,1205,1227
10,59,59,1,0.0013230172917246819,97.53363228699553,870,892
82,59,59,1,0.001696986029855907,97.61570827489481,696,713
76,59,59,1,0.0015443488955497742,97.43589743589743,76,78
95,59,59,1,0.00047778492444194853,99.00332225913621,596,602
13,59,59,1,0.0007886997773312032,98.09264305177112,720,734
51,59,59,1,0.0010068222181871533,97.7112676056338,555,568
21,59,59,1,0.0013906970852985978,97.43589743589743,304,312
86,59,59,1,0.0012497799471020699,98.4,246,250
78,59,59,1,0.0009790798649191856,97.02970297029702,294,303
79,60,60,1,0.0016711634816601872,95.6043956043956,174,182
90,60,60,1,0.001693603815510869,96.77891654465594,661,683
53,60,60,1,0.001073271851055324,98.37618403247632,727,739
0,60,60,1,0.0016318042762577534,96.32183908045977,419,435
31,60,60,1,0.000820696703158319,98.32335329341318,821,835
32,60,60,1,0.001837325980886817,96.51995905834187,943,977
69,60,60,1,0.001831607660278678,96.875,248,256
17,60,60,1,0.001306762802414596,97.41935483870968,604,620
29,60,60,1,0.0010906902607530355,97.70459081836327,979,1002
7,60,60,1,0.0012071934761479497,97.60765550239235,408,418
36,61,61,1,0.001410563592799008,97.31343283582089,978,1005
9,61,61,1,0.0009141951450146735,97.93577981651376,427,436
6,61,61,1,0.0010469078551977873,97.5609756097561,600,615
83,61,61,1,0.0011993980733677745,98.38337182448036,426,433
4,61,61,1,0.001464413944631815,96.80851063829788,637,658
54,61,61,1,0.0015555754071101546,96.53179190751445,501,519
49,61,61,1,0.0008676209254190326,97.82608695652173,495,506
5,61,61,1,0.0015610387781634927,97.46543778801843,423,434
91,61,61,1,0.0006129126995801926,98.828125,253,256
77,61,61,1,0.001755365519784391,96.9439728353141,571,589
10,62,62,1,0.001406821538694203,97.19730941704036,867,892
31,62,62,1,0.0008883400005288422,98.08383233532935,819,835
99,62,62,1,0.0008963388972915709,98.6737400530504,372,377
86,62,62,1,0.0011778415646404028,97.6,244,250
33,62,62,1,0.0019289563642814755,96.30818619582665,600,623
30,62,62,1,0.0013016160810366273,97.25,389,400
70,62,62,1,0.002021136460825801,96.8232044198895,701,724
11,62,62,1,0.0016052514547482133,96.58914728682171,623,645
28,62,62,1,0.0014240009477362037,97.0059880239521,486,501
72,62,62,1,0.0006629671552218497,98.63201094391245,721,731
65,63,63,1,0.000878934224601835,98.38274932614556,365,371
74,63,63,1,0.0014694893034175038,97.48653500897666,543,557
35,63,63,1,0.00048822310054674745,98.99799599198397,494,499
31,63,63,1,0.002418627729639411,96.52694610778443,806,835
89,63,63,1,0.0006876176921650767,98.17073170731707,483,492
64,63,63,1,0.0015207653632387519,97.539975399754,793,813
21,63,63,1,0.0015484398463740945,97.11538461538461,303,312
85,63,63,1,0.0006062374450266361,98.83990719257541,426,431
54,63,63,1,0.0018574123969301581,96.91714836223507,503,519
26,63,63,1,0.0013282226864248514,97.11191335740072,538,554
27,64,64,1,0.0014726666267961264,97.0276008492569,457,471
56,64,64,1,0.0012679059291258454,97.95454545454545,862,880
49,64,64,1,0.0009718236397020519,97.62845849802372,494,506
89,64,64,1,0.0006524712080135942,98.78048780487805,486,492
16,64,64,1,0.0012185402447357774,98.14207650273225,898,915
44,64,64,1,0.0025849463418126106,96.71179883945842,500,517
54,64,64,1,0.0016787833301350474,96.91714836223507,503,519
29,64,64,1,0.001071334583684802,97.70459081836327,979,1002
97,64,64,1,0.000907223264221102,98.56262833675564,480,487
82,64,64,1,0.0016365203773602843,97.3352033660589,694,713
5,65,65,1,0.001623909454792738,97.23502304147466,422,434
89,65,65,1,0.0008459730306640267,98.57723577235772,485,492
24,65,65,1,0.0019069056725129485,95.77836411609498,363,379
0,65,65,1,0.001626036362722516,97.01149425287356,422,435
35,65,65,1,0.000463652890175581,98.99799599198397,494,499
67,65,65,1,0.0011597491102293134,98.19639278557113,980,998
47,65,65,1,0.0011515592923387885,98.19587628865979,762,776
29,65,65,1,0.0011198994470760226,98.00399201596807,982,1002
46,65,65,1,0.0017761214403435588,97.32394366197184,691,710
71,65,65,1,0.0008473790367133915,98.19364161849711,1359,1384
10,66,66,1,0.0014448531437665224,97.19730941704036,867,892
16,66,66,1,0.0010108374990522861,98.14207650273225,898,915
42,66,66,1,0.001185749308206141,97.88135593220339,231,236
46,66,66,1,0.0016163983382284641,97.1830985915493,690,710
67,66,66,1,0.0013069127453491092,97.49498997995993,973,998
85,66,66,1,0.0006197073380462825,99.07192575406032,427,431
24,66,66,1,0.0014969439944252372,96.56992084432717,366,379
66,66,66,1,0.001210316433571279,98.03030303030303,647,660
49,66,66,1,0.0008006839198060334,98.22134387351778,497,506
29,66,66,1,0.0012100670719519258,97.70459081836327,979,1002
44,67,67,1,0.0027648736722767353,97.48549323017409,504,517
41,67,67,1,0.0012299835216253996,97.6897689768977,592,606
63,67,67,1,0.0016523987287655473,97.07536557930258,863,889
72,67,67,1,0.0005862889811396599,98.49521203830369,720,731
69,67,67,1,0.001627251971513033,96.875,248,256
8,67,67,1,0.001656573498621583,96.6824644549763,612,633
70,67,67,1,0.002132670022547245,95.30386740331491,690,724
97,67,67,1,0.0007897336035966873,98.56262833675564,480,487
30,67,67,1,0.0016578928334638476,97.25,389,400
75,67,67,1,0.0012711855815723538,97.81341107871721,671,686
81,68,68,1,0.0006691168528050184,98.69600651996741,1211,1227
32,68,68,1,0.0016314764507114887,96.62231320368475,944,977
84,68,68,1,0.0015050345100462437,97.59229534510433,1216,1246
30,68,68,1,0.0013054810697212815,97.0,388,400
55,68,68,1,0.0015226576942950487,97.45762711864407,345,354
42,68,68,1,0.0010276313405483961,97.88135593220339,231,236
13,68,68,1,0.0007355131674557924,98.22888283378747,721,734
50,68,68,1,0.00175859231967479,95.78059071729957,454,474
17,68,68,1,0.0013466692762449384,97.25806451612902,603,620
31,68,68,1,0.0010248291073367,97.72455089820359,816,835
47,69,69,1,0.0011725610820576549,97.68041237113401,758,776
58,69,69,1,0.0020920266397297382,97.46376811594203,269,276
12,69,69,1,0.0015688318526372313,96.98275862068965,1125,1160
76,69,69,1,0.0032908625435084105,97.43589743589743,76,78
83,69,69,1,0.0011548410402610898,98.38337182448036,426,433
17,69,69,1,0.0014172346564009786,97.90322580645162,607,620
75,69,69,1,0.0011528757167980075,97.23032069970844,667,686
72,69,69,1,0.001057225395925343,97.81121751025992,715,731
78,69,69,1,0.0010372587712481618,97.35973597359737,295,303
27,69,69,1,0.001146288588643074,97.66454352441613,460,471
4,70,70,1,0.0015784938586875796,96.04863221884499,632,658
50,70,70,1,0.0019685334991663694,95.9915611814346,455,474
78,70,70,1,0.001007848884910345,98.01980198019803,297,303
6,70,70,1,0.0012122252956032753,98.04878048780488,603,615
16,70,70,1,0.0012096590362489223,98.0327868852459,897,915
61,70,70,1,0.001612143125385046,96.99570815450643,678,699
47,70,70,1,0.0010624727001413703,98.19587628865979,762,776
68,70,70,1,0.0010993860196322203,97.97570850202429,484,494
88,70,70,1,0.0010630136821419,98.30188679245283,521,530
65,70,70,1,0.0009177293395623565,98.6522911051213,366,371
